Accs,MSEs,label
0.9733879222108496,0.07062436028659161,label_0
0.8532391048292108,0.2723203769140165,label_1
0.6577377005702162,0.46877072006365206,label_2
0.5381234893430016,0.6778729949461657,label_3
0.3653943377148635,1.1397876643073812,label_4
0.3225253312548714,2.218082618862042,label_5
0.5357813881520778,0.9443247126436781,overall
