Accs,MSEs,label
0.970317297850563,0.09007164790174002,label_0
0.8171967020023557,0.35712603062426385,label_1
0.6633072536798833,0.5564248773372232,label_2
0.517139090309822,0.7183036695231817,label_3
0.40230030333670375,0.9749747219413549,label_4
0.4144972720187062,1.7211223694466096,label_5
0.5517241379310345,0.8591125110521662,overall
